id;name;title;description
a102741b-767e-41df-923b-5a7fda97ed20;however;hmph between or;happy however
786b15c6-6923-4f24-896f-a6f0c3552529;um abnormally;since unlawful;fat who
85547d09-cd9b-49cc-a83b-cad37296046d;oh;tenant corral;provided
1e05b5ff-a666-4d61-81cb-54bf6f8f288f;that;rightfully popularity;toady perky for
2cf3695a-d088-4b50-959a-197656a8aaf4;reorient yowza pomelo;zowie;gosh venom modulo
f912c038-6d0a-4a46-b535-cb45fd2bd67c;hourly muddy;beyond gadzooks agitated;oof plus
3ec7cd2b-0cdb-4371-bc13-2472c54af343;indeed decide;going hungry;upside-down once lest
3dd874ea-979a-4d9a-80f8-8c932090b182;respray cluttered whoever;opposite although;above gee detective
9bbf78c1-1cf3-41ed-969f-f6603f649283;whether stunt legal;councilman ouch replacement;bah hurtful
635cc373-fe34-48a1-ada6-5a551d108a65;safe incidentally;unwieldy;ferret but as
