id;code;name;description;order_index;finished;finished_at
67012190-6947-4062-83ad-3bbb510eefbe;so;far-off;down writhing casement;9958;false;2025-12-03T04:25:49
25deeb6c-41f6-4dee-9a87-3777ee0aed58;gadzooks whoever;bob scent knowledgeably;especially yum than;8412;true;2025-12-03T12:58:02
85daa6db-c3fb-40f6-8302-3f176fcad10d;wavy granny for;baptise limply;availability gosh bore;19245;false;2025-12-03T02:08:41
6304afd5-6309-4e91-b9cd-524a9d820eed;but hydrant;ha;scarily;21613;true;2025-12-03T03:17:05
676e60af-2155-4c5c-8b78-9bf064d9c368;of descriptive affectionate;pear;total;4418;false;2025-12-03T12:13:29
145ca806-c461-408d-b3f5-9d809bb5b846;regarding towards;technician after apropos;lest;3743;true;2025-12-03T03:43:30
c5480f05-4e7a-48f0-bba7-83fc1e6b8058;fit beyond compromise;but;wolf;6537;true;2025-12-03T12:47:40
e6dd9932-fbb6-4fe3-a682-a5e23c7588fc;hateful sedately;gadzooks meander militate;huzzah carefully;18788;false;2025-12-03T02:21:51
f45a95ef-c3a3-41fa-8f1a-6b4c71754569;rudely short;gosh off;nicely;20154;true;2025-12-03T13:03:25
119982ec-6de0-48cf-a44f-e5d813013809;so;till outside;frankly guilty;19277;false;2025-12-02T17:23:17
