id;language;name
92a5c345-4acf-413a-9632-354177912885;ack outlandish;remarkable unto loyally
55d3d2ef-336e-417e-876c-5396829e74a9;awareness showy kettledrum;freezing
722aa444-511d-4513-b772-fd6739b9465f;gah yet;oh between
5012e50f-b663-4856-8f9d-546d822f49dd;whereas before;aha
8e67c1de-ead9-4a98-908e-ef0bbb57d9db;ultimately dividend jubilantly;with gee micromanage
1c81de8b-d47a-49e1-a836-e11551e6ba4a;gradient disposer;ew an ew
c41d5447-ed6c-4fa6-bfc8-4c74dcd799ce;furthermore like onset;scaffold by screw
c76ac8bd-f80b-4c2f-9e2d-e71bcec60897;emphasize flawed case;swathe forenenst
08ebd1fc-db97-4e20-af1b-a430c03c23d8;enthusiastically;self-assured programme upon
aedace3f-4475-46e3-9755-cfd4b3961633;joyously;zen
