id;position;phone_number
78f1ad19-2fc9-472b-8552-8cfe904091e7;management;immediate calmly elegantly
1ba721cd-8190-4200-ba39-50dfb2dca9f6;folklore indeed frivolous;failing hunt quick
b9068a63-7533-4270-b293-686a36f10b23;tapioca volleyball;ah seemingly
c071e7b9-6291-4f7a-9037-548f37392bf3;briefly perfumed;happily frivolous
0d3a899c-d9bd-4149-8a49-046fe189993d;queasily;suspiciously secrecy whoever
f48a5f9e-d08a-4c75-bc3d-44d29553d919;dependable;duh ostrich
6e2426cd-0025-4524-acc4-1b0ac1ce4c75;easy ew;useless
5ae37517-26e7-4785-945b-c6d7f1edb0c5;punctually these cleverly;fun some
918c1483-246a-4abb-9705-35536769f512;pertinent;irritably
27ba14f0-cff0-44d5-af63-967c4a2442ac;nervously suspension;whether yuck
